"YUL","Montreal / Pierre Elliott Trudeau International Airport","45.4706001282","-73.7407989502"
"YYZ","Lester B. Pearson International Airport","43.6772003174","-79.63059997559999"
"YOW","Ottawa Macdonald-Cartier International Airport","45.3224983215332","-75.66919708251953"
"YVR","Vancouver International Airport","49.193901062","-123.183998108"
"YWG","Winnipeg / James Armstrong Richardson International Airport","49.909999847399995","-97.2398986816"
"YHZ","Halifax / Stanfield International Airport","44.8807983398","-63.5085983276"
"YEG","Edmonton International Airport","53.309700012200004","-113.580001831"
"YYJ","Victoria International Airport","48.646900177","-123.426002502"
"YTZ","Billy Bishop Toronto City Centre Airport","43.627499","-79.396202"
"YYC","Calgary International Airport","51.113899231","-114.019996643"
"BOS","General Edward Lawrence Logan International Airport","42.36429977","-71.00520325"
"LGA","La Guardia Airport","40.77719879","-73.87259674"
"FLL","Fort Lauderdale Hollywood International Airport","26.072599411010742","-80.15270233154297"
"DCA","Ronald Reagan Washington National Airport","38.8521","-77.037697"
"MIA","Miami International Airport","25.79319953918457","-80.29060363769531"
